,iterations,success,Evalaution
mean,114.0,,3437.185929648241
median,111.0,,3437.185929648241
min,59.0,,3437.185929648241
max,192.0,,3437.185929648241
sum,,199.0,3437.185929648241
