,iterations,success,Evalaution
mean,345.0,,10894.736842105263
median,345.0,,10894.736842105263
min,227.0,,10894.736842105263
max,481.0,,10894.736842105263
sum,,190.0,10894.736842105263
