,iterations,success,Evalaution
mean,293.0,,18030.76923076923
median,296.0,,18030.76923076923
min,188.0,,18030.76923076923
max,374.0,,18030.76923076923
sum,,195.0,18030.76923076923
