,iterations,success,Evalaution
mean,78.0,,7055.276381909548
median,79.0,,7055.276381909548
min,51.0,,7055.276381909548
max,122.0,,7055.276381909548
sum,,199.0,7055.276381909548
