,iterations,success,Evalaution
mean,272.0,,24852.79187817259
median,272.0,,24852.79187817259
min,182.0,,24852.79187817259
max,356.0,,24852.79187817259
sum,,197.0,24852.79187817259
