,iterations,success,Evalaution
mean,71.0,,4281.407035175879
median,71.0,,4281.407035175879
min,37.0,,4281.407035175879
max,97.0,,4281.407035175879
sum,,199.0,4281.407035175879
