,iterations,success,Evalaution
mean,63.0,,5698.492462311558
median,65.0,,5698.492462311558
min,38.0,,5698.492462311558
max,83.0,,5698.492462311558
sum,,199.0,5698.492462311558
