,iterations,success,Evalaution
mean,188.0,,5668.341708542714
median,190.0,,5668.341708542714
min,131.0,,5668.341708542714
max,261.0,,5668.341708542714
sum,,199.0,5668.341708542714
