,iterations,success,Evalaution
mean,142.0,,12844.221105527638
median,143.0,,12844.221105527638
min,113.0,,12844.221105527638
max,172.0,,12844.221105527638
sum,,199.0,12844.221105527638
