,iterations,success,Evalaution
mean,89.0,,2683.4170854271356
median,90.0,,2683.4170854271356
min,30.0,,2683.4170854271356
max,136.0,,2683.4170854271356
sum,,199.0,2683.4170854271356
