,iterations,success,Evalaution
mean,88.0,,5306.532663316583
median,86.0,,5306.532663316583
min,49.0,,5306.532663316583
max,124.0,,5306.532663316583
sum,,199.0,5306.532663316583
